{
  "cheb_tuple": [
    "logc0",
    "c1",
    "c2",
    "c3"
  ],
  "cov_tuple": [
    "sigAmp",
    "logAmp",
    "l"
  ],
  "orders": {
    "22": {
      "cheb": {
        "c1": 0.01570657585644946,
        "c2": 0.02177495532701325,
        "c3": -0.015492282425395673,
        "logc0": 0.21346152385238995
      },
      "global_cov": {
        "l": 0.33602851388155847,
        "logAmp": -14.37880118668377,
        "sigAmp": 1.032375419780229
      },
      "regions": {}
    }
  },
  "region_tuple": [
    "h",
    "loga",
    "mu",
    "sigma"
  ],
  "stellar_params": {
    "Z": -0.3621264724709397,
    "logOmega": -20.157080094599376,
    "logg": 4.411206965416178,
    "temp": 4815.822254854378,
    "vsini": 13.662754798174698,
    "vz": 18.410998850792957
  },
  "stellar_tuple": [
    "temp",
    "logg",
    "Z",
    "vsini",
    "vz",
    "logOmega"
  ]
}