{
  "cheb_tuple": [
    "logc0", 
    "c1", 
    "c2", 
    "c3"
  ], 
  "cov_tuple": [
    "sigAmp", 
    "logAmp", 
    "l"
  ], 
  "orders": {
    "21": {
      "cheb": {
        "c1": -0.014328201379308257, 
        "c2": -0.014211183576801102, 
        "c3": -0.003889114528116259, 
        "logc0": 0.010667060706857582
      }, 
      "global_cov": {
        "l": 8.3455577050583187, 
        "logAmp": -14.677623287223936, 
        "sigAmp": 1.0560133312063669
      }, 
      "regions": {}
    }, 
    "22": {
      "cheb": {
        "c1": -0.01324849526733173, 
        "c2": -0.021254717053634988, 
        "c3": 0.0010893624736548514, 
        "logc0": 0.004464126132345537
      }, 
      "global_cov": {
        "l": 5.1137340918638188, 
        "logAmp": -14.629417667103237, 
        "sigAmp": 1.0259296611600668
      }, 
      "regions": {}
    }, 
    "23": {
      "cheb": {
        "c1": -0.013868542031589458, 
        "c2": -0.010550190867190433, 
        "c3": -0.00048509908721656146, 
        "logc0": -0.011113752302862939
      }, 
      "global_cov": {
        "l": 6.9913805645841238, 
        "logAmp": -14.607169467917078, 
        "sigAmp": 1.0052578947671036
      }, 
      "regions": {}
    }
  }, 
  "region_tuple": [
    "loga", 
    "mu", 
    "sigma"
  ], 
  "stellar_params": {
    "Z": -0.38707768696872175, 
    "logOmega": -12.718836481292922, 
    "logg": 3.9457854271559882, 
    "temp": 6306.7260705140679, 
    "vsini": 4.5765440508321937, 
    "vz": -4.5866773343287868
  }, 
  "stellar_tuple": [
    "temp", 
    "logg", 
    "Z", 
    "vsini", 
    "vz", 
    "logOmega"
  ]
}