{
  "cheb_tuple": [
    "logc0", 
    "c1", 
    "c2", 
    "c3"
  ], 
  "cov_tuple": [
    "sigAmp", 
    "logAmp", 
    "l"
  ], 
  "orders": {
    "22": {
      "cheb": {
        "c1": -0.016768733813978962, 
        "c2": -0.019639244289716459, 
        "c3": 0.00050897923521788912, 
        "logc0": 0.77292152634944256
      }, 
      "global_cov": {
        "l": 10.324675875753679, 
        "logAmp": -14.278680760269173, 
        "sigAmp": 0.99657875899384729
      }, 
      "regions": {
        "0": {
          "loga": -12.076165336887787, 
          "mu": 5188.7709293065091, 
          "sigma": 5.1613080924944823
        }, 
        "1": {
          "loga": -12.781208223554479, 
          "mu": 5151.8534158849325, 
          "sigma": 4.8092871514303948
        }, 
        "2": {
          "loga": -12.526338163621313, 
          "mu": 5142.8158808905519, 
          "sigma": 7.433720494996769
        }, 
        "3": {
          "loga": -57.064715539113124, 
          "mu": 5201.6868153551841, 
          "sigma": 9.5609407308669212
        }, 
        "4": {
          "loga": -12.305001160847057, 
          "mu": 5150.756876675764, 
          "sigma": 7.1781512440281796
        }, 
        "5": {
          "loga": -12.438745669164504, 
          "mu": 5169.0858757196156, 
          "sigma": 6.8782269815031727
        }, 
        "6": {
          "loga": -12.927756678556008, 
          "mu": 5198.6200127683451, 
          "sigma": 6.1537481296828425
        }, 
        "7": {
          "loga": -52.898542881420539, 
          "mu": 5178.8499152979648, 
          "sigma": 1.5886138084364085
        }
      }
    }
  }, 
  "region_tuple": [
    "loga", 
    "mu", 
    "sigma"
  ], 
  "stellar_params": {
    "Z": -0.69063557816445031, 
    "logOmega": -19.656792260545114, 
    "logg": 3.7508566539758328, 
    "temp": 5943.9105076421665, 
    "vsini": 4.9744313780551384, 
    "vz": -4.8654162982529945
  }, 
  "stellar_tuple": [
    "temp", 
    "logg", 
    "Z", 
    "vsini", 
    "vz", 
    "logOmega"
  ]
}