{
  "cheb_tuple": [
    "logc0", 
    "c1", 
    "c2", 
    "c3"
  ], 
  "cov_tuple": [
    "sigAmp", 
    "logAmp", 
    "l"
  ], 
  "orders": {
    "21": {
      "cheb": {
        "c1": -0.018749171293084763, 
        "c2": -0.013508942436208494, 
        "c3": -0.0056287402938910939, 
        "logc0": 0.0099325678950345966
      }, 
      "global_cov": {
        "l": 35.617304298322061, 
        "logAmp": -15.021435238968023, 
        "sigAmp": 1.1836941195649913
      }, 
      "regions": {}
    }, 
    "22": {
      "cheb": {
        "c1": -0.012722913522902583, 
        "c2": -0.024546202621495653, 
        "c3": -0.0017668731292926618, 
        "logc0": 0.0034119100229906101
      }, 
      "global_cov": {
        "l": 7.168347706422038, 
        "logAmp": -14.83932789799751, 
        "sigAmp": 1.0699413057044587
      }, 
      "regions": {}
    }, 
    "23": {
      "cheb": {
        "c1": -0.013385384310157929, 
        "c2": -0.016866835210470374, 
        "c3": 0.0013848976072176483, 
        "logc0": 0.071708727767078678
      }, 
      "global_cov": {
        "l": 6.2588710844029576, 
        "logAmp": -14.77038329848928, 
        "sigAmp": 1.0621102439415968
      }, 
      "regions": {}
    }
  }, 
  "region_tuple": [
    "loga", 
    "mu", 
    "sigma"
  ], 
  "stellar_params": {
    "Z": -0.38801141870729361, 
    "logOmega": -12.965735852689287, 
    "logg": 3.9501967069363175, 
    "temp": 6316.4912608530203, 
    "vsini": 4.353274756553061, 
    "vz": -4.4009910964669068
  }, 
  "stellar_tuple": [
    "temp", 
    "logg", 
    "Z", 
    "vsini", 
    "vz", 
    "logOmega"
  ]
}