{
  "cheb_tuple": [
    "logc0",
    "c1",
    "c2",
    "c3"
  ],
  "cov_tuple": [
    "sigAmp",
    "logAmp",
    "l"
  ],
  "orders": {
    "23": {
      "cheb": {
        "c1": -0.007933133081814883,
        "c2": -0.01256310572532951,
        "c3": 0.0008767651260693815,
        "logc0": -0.030008812485750512
      },
      "global_cov": {
        "l": 8.585255287207458,
        "logAmp": -14.435034245714702,
        "sigAmp": 1.058488392821899
      },
      "regions": {}
      }
  },
  "region_tuple": [
    "loga",
    "mu",
    "sigma"
  ],
  "stellar_params": {
    "Z": -0.908569636072729,
    "logOmega": -19.657453684584773,
    "logg": 2.7195672071350616,
    "temp": 5859.8915169797665,
    "vsini": 5.3872129005128535,
    "vz": -4.7706285683874
  },
  "stellar_tuple": [
    "temp",
    "logg",
    "Z",
    "vsini",
    "vz",
    "logOmega"
  ]
}
