{
  "cheb_tuple": [
    "logc0", 
    "c1", 
    "c2", 
    "c3"
  ], 
  "cov_tuple": [
    "sigAmp", 
    "logAmp", 
    "l"
  ], 
  "orders": {
    "22": {
      "cheb": {
        "c1": -0.016768733813978962, 
        "c2": -0.019639244289716459, 
        "c3": 0.00050897923521788912, 
        "logc0": 0.77292152634944256
      }, 
      "global_cov": {
        "l": 10.324675875753679, 
        "logAmp": -14.348680760269173, 
        "sigAmp": 0.99657875899384729
      }, 
      "regions": {
        "0": {
          "loga": -13.37, 
          "mu": 5188.7709293065091, 
          "sigma": 5.7913080924944823
        }, 
        "1": {
          "loga": -13.5808223554479, 
          "mu": 5151.8534158849325, 
          "sigma": 6.15871514303948
        }, 
        "2": {
          "loga": -13.3838163621313, 
          "mu": 5142.8158808905519, 
          "sigma": 7.06720494996769
        }, 
        "3": {
          "loga": -13.76715539113124, 
          "mu": 5202.25, 
          "sigma": 7.45407308669212
        }, 
        "4": {
          "loga": -13.6401160847057, 
          "mu": 5150.756876675764, 
          "sigma": 6.67512440281796
        }, 
        "5": {
          "loga": -13.70345669164504, 
          "mu": 5169.0858757196156, 
          "sigma": 6.47569815031727
        }, 
        "6": {
          "loga": -13.74756678556008, 
          "mu": 5198.6200127683451, 
          "sigma": 5.481296828425
        }, 
        "7": {
          "loga": -13.756, 
          "mu": 5170.68, 
          "sigma": 5.07
        },
	"8": {
          "loga": -13.41, 
          "mu": 5235.3, 
          "sigma": 4.822
        }, 
	"9": {
          "loga": -13.705, 
          "mu": 5187.8, 
          "sigma": 5.309
        }, 
	"10": {
          "loga": -13.74756678556008, 
          "mu": 5234.57, 
          "sigma": 5.492
        } 
      }
    }
  }, 
  "region_tuple": [
    "loga", 
    "mu", 
    "sigma"
  ], 
  "stellar_params": {
    "Z": -0.69063557816445031, 
    "logOmega": -19.656792260545114, 
    "logg": 3.7508566539758328, 
    "temp": 5943.9105076421665, 
    "vsini": 4.9744313780551384, 
    "vz": -4.8654162982529945
  }, 
  "stellar_tuple": [
    "temp", 
    "logg", 
    "Z", 
    "vsini", 
    "vz", 
    "logOmega"
  ]
}
