{
  "cheb_tuple": [
    "logc0",
    "c1",
    "c2",
    "c3"
  ],
  "cov_tuple": [
    "sigAmp",
    "logAmp",
    "l"
  ],
  "orders": {
    "22": {
      "cheb": {
        "c1": -0.019344582580285024,
        "c2": -0.007963604591372943,
        "c3": -0.007129733094566439,
        "logc0": 0.0048133958441081886
      },
      "global_cov": {
        "l": 11.019276594013622,
        "logAmp": -14.110912790168047,
        "sigAmp": 0.9995093792408182
      },
      "regions": {}
    },
    "23": {
      "cheb": {
        "c1": -0.005124163864420385,
        "c2": -0.00796449062086813,
        "c3": 0.006227912963599869,
        "logc0": 0.09308375217226039
      },
      "global_cov": {
        "l": 9.427740178083086,
        "logAmp": -14.24509288374036,
        "sigAmp": 0.9975566357115732
      },
      "regions": {}
    }
  },
  "region_tuple": [
    "loga",
    "mu",
    "sigma"
  ],
  "stellar_params": {
    "Z": -0.9917356624208485,
    "logOmega": -19.645346529338983,
    "logg": 2.8884356868702588,
    "temp": 5702.596496353857,
    "vsini": 5.338547846972511,
    "vz": -4.895225613256727
  },
  "stellar_tuple": [
    "temp",
    "logg",
    "Z",
    "vsini",
    "vz",
    "logOmega"
  ]
}