{
  "cheb_tuple": [
    "logc0",
    "c1",
    "c2",
    "c3"
  ],
  "cov_tuple": [
    "sigAmp",
    "logAmp",
    "l"
  ],
  "orders": {
    "22": {
      "cheb": {
        "c1": -0.017684987777693707,
        "c2": -0.017530605981209466,
        "c3": -0.004788022228329032,
        "logc0": -0.030610219611502083
      },
      "global_cov": {
        "l": 0.19693182384744015,
        "logAmp": -14.218106304917216,
        "sigAmp": 1.0023460990430166
      },
      "regions": {
        "0": {
          "h": 0.6329127690014178,
          "loga": -14.185547680154697,
          "mu": 5189.096201903731,
          "sigma": 0.1078243984103198
        },
        "1": {
          "h": 1.2354606540285378,
          "loga": -13.891324093216593,
          "mu": 5152.090349451458,
          "sigma": 0.15590626116459438
        }
      }
    }
  },
  "region_tuple": [
    "h",
    "loga",
    "mu",
    "sigma"
  ],
  "stellar_params": {
    "Z": -0.6657132383332749,
    "logOmega": -19.66183724844702,
    "logg": 3.905574852253618,
    "temp": 6051.668795481611,
    "vsini": 4.850142890023149,
    "vz": 15.062573953167355
  },
  "stellar_tuple": [
    "temp",
    "logg",
    "Z",
    "vsini",
    "vz",
    "logOmega"
  ]
}