{
  "cheb_tuple": [
    "logc0", 
    "c1", 
    "c2", 
    "c3"
  ], 
  "cov_tuple": [
    "sigAmp", 
    "logAmp", 
    "l"
  ], 
  "orders": {
    "0": {
      "cheb": {
        "c1": -0.0092441580671341061, 
        "c2": 0.0024521501509188305, 
        "c3": -0.0018806808514174034, 
        "logc0": 0.30299135071532546
      }, 
      "global_cov": {
        "l": 140.64702307005382, 
        "logAmp": -15.795352755851612, 
        "sigAmp": 1.7082608884343298
      }, 
      "regions": {
        "0": {
          "loga": -14.7541719333674, 
          "mu": 22056.924948645232, 
          "sigma": 122.01839684048089
        }, 
        "1": {
          "loga": -14.73332879603619, 
          "mu": 22652.978100190612, 
          "sigma": 99.9072991296247
        }, 
        "2": {
          "loga": -14.83385277442167, 
          "mu": 22084.782964706152, 
          "sigma": 120.99653620176579
        }, 
        "3": {
          "loga": -14.744408866651673, 
          "mu": 22625.371116290782, 
          "sigma": 94.832585909130017
        }, 
        "4": {
          "loga": -14.81901727721987, 
          "mu": 22609.268875399921, 
          "sigma": 85.147068967967819
        }, 
        "5": {
          "loga": -14.81368835095075, 
          "mu": 23380.627852924943, 
          "sigma": 73.254333046130682
        }
      }
    }
  }, 
  "region_tuple": [
    "loga", 
    "mu", 
    "sigma"
  ], 
  "stellar_params": {
    "Z": 0.0026247521949208149, 
    "logOmega": -19.623773596636788, 
    "logg": 5.0, 
    "temp": 3018.9931399478596, 
    "vsini": 4.2256580690342975, 
    "vz": 11.235108217494341
  }, 
  "stellar_tuple": [
    "temp", 
    "Z", 
    "vsini", 
    "vz", 
    "logOmega"
  ]
}
