{
  "cheb_tuple": [
    "logc0", 
    "c1", 
    "c2", 
    "c3"
  ], 
  "cov_tuple": [
    "sigAmp", 
    "logAmp", 
    "l"
  ], 
  "orders": {
    "0": {
      "cheb": {
        "c1": -0.0020849828538126304, 
        "c2": 0.00067112253490314751, 
        "c3": -0.0016774569334572721, 
        "logc0": -0.41369441612591101
      }, 
      "global_cov": {
        "l": 78.148169387485638, 
        "logAmp": -15.717785262353994, 
        "sigAmp": 1.5629750886420242
      }, 
      "regions": {}
    }
  }, 
  "region_tuple": [
    "loga", 
    "mu", 
    "sigma"
  ], 
  "stellar_params": {
    "Z": 0.47430667273047311, 
    "logOmega": -19.611385266708524, 
    "logg": 5.6841328987960225, 
    "temp": 3108.5305071351236, 
    "vsini": 9.7467176985108281, 
    "vz": 12.378197371542868
  }, 
  "stellar_tuple": [
    "temp", 
    "logg", 
    "Z", 
    "vsini", 
    "vz", 
    "logOmega"
  ]
}