{
  "cheb_tuple": [
    "logc0", 
    "c1", 
    "c2", 
    "c3"
  ], 
  "cov_tuple": [
    "sigAmp", 
    "logAmp", 
    "l"
  ], 
  "orders": {
    "21": {
      "cheb": {
        "c1": -0.017068419967878022, 
        "c2": -0.015858438100382361, 
        "c3": -0.0055400129365483358, 
        "logc0": 0.014216863596996426
      }, 
      "global_cov": {
        "l": 8.4283290012939851, 
        "logAmp": -14.334384509338022, 
        "sigAmp": 1.0083081408262438
      }, 
      "regions": {
        "0": {
          "loga": -13.710794529751722, 
          "mu": 5079.1249743393637, 
          "sigma": 6.3490814397807442
        }, 
        "1": {
          "loga": -14.071784383691893, 
          "mu": 5131.4149991399327, 
          "sigma": 4.3041188765931278
        }, 
        "10": {
          "loga": -13.715697006595521, 
          "mu": 5075.0729833924979, 
          "sigma": 3.9833669211397202
        }, 
        "11": {
          "loga": -13.984849450684091, 
          "mu": 5150.7776047583311, 
          "sigma": 5.785022773256455
        }, 
        "12": {
          "loga": -13.439889527306811, 
          "mu": 5083.3906270661946, 
          "sigma": 9.905672052407887
        }, 
        "2": {
          "loga": -13.71910158338199, 
          "mu": 5107.3307844965939, 
          "sigma": 5.3117503496611009
        }, 
        "3": {
          "loga": -13.857671823844235, 
          "mu": 5090.6960751643064, 
          "sigma": 5.6137801947528621
        }, 
        "4": {
          "loga": -13.615911783955768, 
          "mu": 5097.4486648271077, 
          "sigma": 6.0250814600713039
        }, 
        "5": {
          "loga": -14.04344529590619, 
          "mu": 5098.6376577623014, 
          "sigma": 6.9975499887817634
        }, 
        "6": {
          "loga": -13.718016616432767, 
          "mu": 5126.7295448213717, 
          "sigma": 8.936958925561834
        }, 
        "7": {
          "loga": -13.360596381236995, 
          "mu": 5125.0013698491939, 
          "sigma": 3.6806612235877192
        }, 
        "8": {
          "loga": -13.374644468004876, 
          "mu": 5072.0092800391712, 
          "sigma": 5.1752763228776564
        }, 
        "9": {
          "loga": -13.537480137770286, 
          "mu": 5151.7718463546389, 
          "sigma": 5.0466082369808687
        }
      }
    }, 
    "22": {
      "cheb": {
        "c1": -0.018710759001029344, 
        "c2": -0.018578161422436658, 
        "c3": -0.0052226649267021197, 
        "logc0": 0.0061205851187716804
      }, 
      "global_cov": {
        "l": 11.063064188126816, 
        "logAmp": -14.260789271087905, 
        "sigAmp": 1.0788275380734307
      }, 
      "regions": {
        "0": {
          "loga": -13.364522403262285, 
          "mu": 5188.7480150340116, 
          "sigma": 6.409848875871397
        }, 
        "1": {
          "loga": -13.683361465291452, 
          "mu": 5202.3012942156129, 
          "sigma": 7.015446911773385
        }, 
        "2": {
          "loga": -13.655238673474526, 
          "mu": 5198.620642582554, 
          "sigma": 5.367470875984932
        }, 
        "3": {
          "loga": -13.69125660580706, 
          "mu": 5169.0602575463517, 
          "sigma": 8.0883059725712153
        }, 
        "4": {
          "loga": -13.723910712609336, 
          "mu": 5187.8533423568942, 
          "sigma": 5.3224050305133
        }, 
        "5": {
          "loga": -13.679139103906816, 
          "mu": 5151.831677512655, 
          "sigma": 6.102108083061945
        }, 
        "6": {
          "loga": -13.453816547701931, 
          "mu": 5142.8537755999905, 
          "sigma": 6.9845715026635
        }, 
        "7": {
          "loga": -13.72228938577596, 
          "mu": 5234.5860274283186, 
          "sigma": 5.5012881441472
        }
      }
    }, 
    "23": {
      "cheb": {
        "c1": -0.0057669787386145054, 
        "c2": -0.016318636381116258, 
        "c3": 0.00076213567950469529, 
        "logc0": 0.076314076622140584
      }, 
      "global_cov": {
        "l": 9.2479167566650027, 
        "logAmp": -14.313067535642597, 
        "sigAmp": 0.99094501775049026
      }, 
      "regions": {
        "0": {
          "loga": -13.27662319352174, 
          "mu": 5258.7576555302485, 
          "sigma": 11.397384293715319
        }, 
        "1": {
          "loga": -13.27999849281383, 
          "mu": 5245.5486716667228, 
          "sigma": 5.2840166468479302
        }, 
        "10": {
          "loga": -13.48518553209724, 
          "mu": 5260.5833723240412, 
          "sigma": 6.9745455611312241
        }, 
        "11": {
          "loga": -13.63341431359278, 
          "mu": 5272.1564051341547, 
          "sigma": 5.5881906227229683
        }, 
        "2": {
          "loga": -13.799520625636886, 
          "mu": 5292.5215020861415, 
          "sigma": 3.4655108185602868
        }, 
        "3": {
          "loga": -13.526624291660271, 
          "mu": 5268.322855066006, 
          "sigma": 4.2438920466452226
        }, 
        "4": {
          "loga": -13.800298889149341, 
          "mu": 5236.1267148666539, 
          "sigma": 7.23357590421515
        }, 
        "5": {
          "loga": -13.609796207853215, 
          "mu": 5269.2881736929894, 
          "sigma": 6.2563976985440233
        }, 
        "6": {
          "loga": -13.855887266629432, 
          "mu": 5264.7289957901212, 
          "sigma": 5.0940223669571614
        }, 
        "7": {
          "loga": -13.730145834900604, 
          "mu": 5250.5653215616385, 
          "sigma": 5.5564755127224883
        }, 
        "8": {
          "loga": -13.590268823748854, 
          "mu": 5275.9147238616879, 
          "sigma": 10.014971435497314
        }, 
        "9": {
          "loga": -13.640411981639126, 
          "mu": 5283.9875515412559, 
          "sigma": 4.9679013298451027
        }
      }
    }
  }, 
  "region_tuple": [
    "loga", 
    "mu", 
    "sigma"
  ], 
  "stellar_params": {
    "Z": -0.50282366400178646, 
    "logOmega": -19.680013456973718, 
    "logg": 4.29, 
    "temp": 6292.4942620704578, 
    "vsini": 4.8813441341879384, 
    "vz": -4.8873401094471545
  }, 
  "stellar_tuple": [
    "temp", 
    "Z", 
    "vsini", 
    "vz", 
    "logOmega"
  ]
}
