{
  "cheb_tuple": [
    "logc0", 
    "c1", 
    "c2", 
    "c3"
  ], 
  "cov_tuple": [
    "sigAmp", 
    "logAmp", 
    "l"
  ], 
  "orders": {
    "21": {
      "cheb": {
        "c1": -0.012744185193678504, 
        "c2": -0.016294601068114811, 
        "c3": -0.0022885271682659357, 
        "logc0": 0.0082994135762098666
      }, 
      "global_cov": {
        "l": 6.495296733514583, 
        "logAmp": -14.618581200142405, 
        "sigAmp": 1.0450424603644244
      }, 
      "regions": {}
    }, 
    "22": {
      "cheb": {
        "c1": -0.016337826528485241, 
        "c2": -0.025341296713794616, 
        "c3": 0.00043590223182209462, 
        "logc0": 0.0028910262894165924
      }, 
      "global_cov": {
        "l": 7.0777112765230825, 
        "logAmp": -14.559579987932796, 
        "sigAmp": 1.0036491961142984
      }, 
      "regions": {}
    }, 
    "23": {
      "cheb": {
        "c1": -0.012019354567851937, 
        "c2": -0.010959259896984548, 
        "c3": -0.0015214308199447972, 
        "logc0": 0.058529133380999791
      }, 
      "global_cov": {
        "l": 7.9146948871313851, 
        "logAmp": -14.612495539797575, 
        "sigAmp": 1.0354837196630786
      }, 
      "regions": {}
    }
  }, 
  "region_tuple": [
    "loga", 
    "mu", 
    "sigma"
  ], 
  "stellar_params": {
    "Z": -0.27675721614215187, 
    "logOmega": -12.717897799528384, 
    "logg": 4.29, 
    "temp": 6495.5330780527784, 
    "vsini": 4.4437942172600913, 
    "vz": -4.6244714881601565
  }, 
  "stellar_tuple": [
    "temp", 
    "Z", 
    "vsini", 
    "vz", 
    "logOmega"
  ]
}