{
  "cheb_tuple": [
    "logc0", 
    "c1", 
    "c2", 
    "c3"
  ], 
  "cov_tuple": [
    "sigAmp", 
    "logAmp", 
    "l"
  ], 
  "orders": {
    "22": {
      "cheb": {
        "c1": -0.011076790411924121, 
        "c2": -0.0057132823228432947, 
        "c3": -0.01473318196174655, 
        "logc0": 0.0043242260987146567
      }, 
      "global_cov": {
        "l": 12.590062073050801, 
        "logAmp": -14.090138961427716, 
        "sigAmp": 0.9829617412494448
      }, 
      "regions": {}
    }, 
    "23": {
      "cheb": {
        "c1": -0.015907652622619697, 
        "c2": -0.011629613752802912, 
        "c3": 0.0081588489493561213, 
        "logc0": 0.0
      }, 
      "global_cov": {
        "l": 9.695818480032127, 
        "logAmp": -14.29880841076646, 
        "sigAmp": 1.0164516704234761
      }, 
      "regions": {}
    }
  }, 
  "region_tuple": [
    "loga", 
    "mu", 
    "sigma"
  ], 
  "stellar_params": {
    "Z": -0.55265308464110154, 
    "logOmega": -19.660381800196634, 
    "logg": 4.0,
    "temp": 6000.0520802977635, 
    "vsini": 5.2349160464232662, 
    "vz": -4.8372050918675944
  }, 
  "stellar_tuple": [
    "temp", 
    "logg", 
    "Z", 
    "vsini", 
    "vz", 
    "logOmega"
  ]
}
